caller,receiver,duration_sec,date,tower_location,rel_type
+91-9876543210,+91-9123456789,245,2024-01-15 02:14,Jubilee Hills Tower-4 Hyderabad,CALLED
+91-9876543210,+91-8001234567,180,2024-01-15 02:31,Jubilee Hills Tower-4 Hyderabad,CALLED
+91-9123456789,+91-7709988776,62,2024-01-15 03:05,Banjara Hills Tower-2 Hyderabad,CALLED
+91-8001234567,+91-9876543210,340,2024-01-16 14:20,Mehdipatnam Tower-1 Hyderabad,CALLED
+91-7709988776,+91-9876543210,90,2024-01-16 23:45,Secunderabad Tower-7,CALLED
+91-9876543210,+91-9555012345,410,2024-01-17 01:12,Jubilee Hills Tower-4 Hyderabad,CALLED
+91-9555012345,+91-8001234567,155,2024-01-17 01:48,Kukatpally Tower-3 Hyderabad,CALLED
+91-9555012345,+91-7709988776,275,2024-01-17 10:30,Kukatpally Tower-3 Hyderabad,CALLED
+91-8001234567,+91-9123456789,88,2024-01-18 04:15,Mehdipatnam Tower-1 Hyderabad,CALLED
+91-9876543210,+91-9123456789,520,2024-01-18 22:00,Jubilee Hills Tower-4 Hyderabad,CALLED
+91-7709988776,+91-9555012345,198,2024-01-19 11:22,LB Nagar Tower-5 Hyderabad,CALLED
+91-9123456789,+91-9876543210,305,2024-01-19 23:55,Banjara Hills Tower-2 Hyderabad,CALLED
+91-8001234567,+91-9555012345,72,2024-01-20 03:30,Mehdipatnam Tower-1 Hyderabad,CALLED
+91-9876543210,+91-7709988776,445,2024-01-20 16:10,Jubilee Hills Tower-4 Hyderabad,CALLED
+91-9555012345,+91-9876543210,210,2024-01-21 02:05,Kukatpally Tower-3 Hyderabad,CALLED
