caller,receiver,date,time,duration_sec,tower,call_type
+91 97890 19876,+91 94567 09876,2026-07-03,02:54:11,150,CHN-TWR-022,sms
9789019876,+91 94567 09876,2026-07-30,02:43:59,584,CHN-TWR-014,sms
9890123456,9012398765,2026-06-10,07:33:26,1169,HYD-TWR-007,sms
+91 97890 19876,9123456780,2026-07-04,20:28:58,579,HYD-TWR-007,voice
9123409876,091-98765-43210,2026-06-08,14:23:43,546,BLR-TWR-005,voice
9567890123,9890129876,2026-06-09,03:39:47,500,HYD-TWR-011,voice
9789012345,+91 93456 09876,2026-06-23,17:24:27,390,BLR-TWR-005,voice
+91 97890 12345,9567890123,2026-06-06,21:13:41,53,CHN-TWR-014,voice
9123409876,9567809876,2026-06-27,04:19:24,386,AMD-TWR-009,sms
+91 99012 34567,091-98765-43210,2026-06-10,22:52:25,167,KOC-TWR-003,sms
9567809876,+91 92345 09876,2026-07-06,14:43:51,641,CHN-TWR-014,voice
9456709876,+91 98901 29876,2026-07-17,11:10:08,1129,AMD-TWR-009,sms
099887-76655,+91 91234 09876,2026-06-12,04:30:20,518,CHN-TWR-014,voice
+91 96789 01234,+91 98901 29876,2026-06-26,10:17:55,152,KOC-TWR-003,voice
9567809876,+91 90123 45678,2026-06-10,11:48:10,1114,CHN-TWR-014,voice
+91 96789 01234,+91 93456 78901,2026-07-24,17:13:37,452,HYD-TWR-011,voice
9345678901,+91 95678 90123,2026-06-25,18:53:15,1032,DEL-TWR-019,voice
+91 95678 90123,9901234567,2026-06-26,04:42:41,624,AMD-TWR-009,voice
+91 93456 09876,9012398765,2026-06-04,12:32:23,492,BLR-TWR-005,voice
9123409876,+91 98901 23456,2026-07-15,01:10:28,861,AMD-TWR-009,voice
+91 95678 09876,+91 92345 09876,2026-07-29,03:33:09,503,HYD-TWR-011,voice
9345609876,9567809876,2026-07-10,23:57:32,883,AMD-TWR-009,sms
+91 90123 98765,9988776655,2026-06-19,05:28:53,1122,KOC-TWR-003,voice
9988776655,9456709876,2026-07-07,03:57:33,97,HYD-TWR-011,sms
+91 90123 45678,+91 95678 90123,2026-07-21,15:01:23,1144,DEL-TWR-019,voice
+91 98765 43210,9012398765,2026-06-16,23:42:40,222,DEL-TWR-019,sms
9456709876,9345609876,2026-07-26,20:20:09,910,CHN-TWR-022,voice
9345678901,+91 99887 76655,2026-06-19,06:02:50,418,CHN-TWR-014,voice
9890129876,+91 94567 09876,2026-06-14,08:35:08,599,AMD-TWR-009,voice
9901234567,9456789012,2026-07-17,10:49:36,183,CHN-TWR-014,sms
+91 94567 89012,+91 99012 34567,2026-06-06,01:41:49,1191,KOC-TWR-003,sms
9789012345,9234509876,2026-07-23,00:18:46,621,AMD-TWR-009,sms
+91 97890 12345,091-98765-43210,2026-06-05,01:27:22,140,CHN-TWR-014,voice
+91 98765 43210,9123456780,2026-07-10,02:29:26,1188,HYD-TWR-011,voice
+91 99887 76655,9678901234,2026-07-09,19:50:39,472,BLR-TWR-005,voice
9567809876,9890129876,2026-07-01,00:23:21,234,BLR-TWR-005,voice
+91 97890 19876,9678901234,2026-07-25,21:38:51,257,CHN-TWR-014,voice
9678909876,9890129876,2026-07-25,05:45:45,366,DEL-TWR-019,sms
9890129876,+91 93456 78901,2026-06-11,05:53:44,349,AMD-TWR-009,voice
9890123456,9567809876,2026-06-17,01:48:41,401,KOC-TWR-003,voice
+91 96789 09876,+91 98901 23456,2026-06-17,03:56:06,1143,HYD-TWR-007,voice
9789012345,+91 95678 90123,2026-07-11,09:39:34,201,HYD-TWR-007,sms
9678901234,9123456780,2026-06-15,17:13:48,125,HYD-TWR-007,voice
9123456780,+91 96789 01234,2026-07-25,07:55:06,788,KOC-TWR-003,voice
9876543210,+91 99887 76655,2026-06-26,22:15:19,765,AMD-TWR-009,voice
+91 93456 78901,9890129876,2026-07-25,03:32:49,1115,CHN-TWR-014,voice
9123409876,9678901234,2026-06-22,09:37:46,1183,CHN-TWR-014,voice
9678901234,9345609876,2026-06-02,15:54:20,382,AMD-TWR-009,sms
091-98765-43210,9890129876,2026-06-01,00:33:46,572,KOC-TWR-003,voice
91234-56780,+91 97890 19876,2026-06-24,17:18:04,801,AMD-TWR-009,voice
91234-56780,9012398765,2026-07-23,20:11:53,961,AMD-TWR-009,sms
9456789012,+91 93456 09876,2026-06-08,02:56:44,315,CHN-TWR-014,voice
9876543210,9123456780,2026-06-10,06:48:21,134,CHN-TWR-014,sms
9234509876,+91 90123 98765,2026-06-28,05:46:33,563,AMD-TWR-009,voice
9345678901,+91 98765 43210,2026-06-09,17:16:51,367,CHN-TWR-022,voice
9567809876,+91 91234 09876,2026-06-30,17:21:34,735,KOC-TWR-003,voice
099887-76655,9890123456,2026-06-06,07:43:19,470,HYD-TWR-011,sms
+91 97890 12345,9567890123,2026-06-08,09:15:19,259,CHN-TWR-014,sms
9234509876,9678909876,2026-07-15,14:17:19,524,HYD-TWR-011,voice
9988776655,9456789012,2026-07-06,17:32:26,221,CHN-TWR-014,voice
+91 97890 19876,9234509876,2026-07-27,20:34:18,628,AMD-TWR-009,sms
091-98765-43210,+91 91234 56780,2026-06-02,23:17:15,258,CHN-TWR-014,voice
+91 93456 09876,9678901234,2026-07-22,17:06:03,1117,CHN-TWR-014,voice
+91 92345 09876,+91 93456 09876,2026-07-24,15:38:34,43,HYD-TWR-011,sms
+91 94567 09876,9890129876,2026-07-06,04:24:12,1050,HYD-TWR-007,voice
+91 97890 19876,+91 95678 09876,2026-07-13,15:14:54,231,DEL-TWR-019,voice
9678909876,9345678901,2026-06-24,21:47:44,1116,BLR-TWR-005,sms
+91 90123 98765,+91 96789 01234,2026-06-30,09:10:25,1039,KOC-TWR-003,voice
9345678901,+91 96789 01234,2026-07-16,06:04:26,844,DEL-TWR-019,voice
9988776655,+91 91234 09876,2026-07-07,20:43:03,320,HYD-TWR-007,voice
+91 99012 34567,+91 90123 45678,2026-06-13,17:28:08,874,HYD-TWR-007,voice
9234509876,9456789012,2026-06-07,02:20:42,615,KOC-TWR-003,voice
91234-56780,099887-76655,2026-06-26,11:32:51,337,CHN-TWR-014,sms
+91 95678 09876,9678901234,2026-06-30,20:01:03,990,BLR-TWR-005,voice
+91 97890 12345,9345609876,2026-06-16,08:21:20,1116,CHN-TWR-022,sms
9123409876,+91 99012 34567,2026-06-08,00:47:11,1032,BLR-TWR-005,voice
+91 96789 01234,+91 91234 09876,2026-06-14,09:13:49,291,KOC-TWR-003,voice
+91 91234 56780,+91 96789 01234,2026-07-26,10:04:32,497,KOC-TWR-003,voice
9456789012,+91 96789 09876,2026-07-17,07:53:00,56,KOC-TWR-003,voice
9234509876,9012398765,2026-06-30,23:03:43,211,CHN-TWR-014,voice
9901234567,9456789012,2026-06-24,16:17:51,179,BLR-TWR-005,voice
9988776655,091-98765-43210,2026-07-07,03:04:34,446,KOC-TWR-003,sms
+91 99887 76655,+91 92345 09876,2026-06-28,18:25:33,171,BLR-TWR-005,voice
9012398765,+91 97890 12345,2026-06-24,12:29:36,508,HYD-TWR-011,voice
9678901234,+91 95678 90123,2026-06-04,09:31:38,973,KOC-TWR-003,voice
9123456780,+91 98901 23456,2026-07-19,22:30:28,20,CHN-TWR-022,voice
+91 90123 45678,9789012345,2026-07-25,17:49:52,1150,CHN-TWR-014,voice
099887-76655,+91 93456 78901,2026-06-06,23:33:13,780,BLR-TWR-005,voice
+91 98765 43210,9123456780,2026-07-25,11:38:16,856,CHN-TWR-014,sms
9678901234,9012345678,2026-07-10,23:09:59,494,HYD-TWR-007,sms
9012398765,9456789012,2026-06-14,21:17:44,156,HYD-TWR-007,sms
9456789012,+91 90123 45678,2026-07-25,15:14:12,952,DEL-TWR-019,voice
9876543210,9012398765,2026-07-25,13:34:47,1128,HYD-TWR-011,voice
9234509876,9456709876,2026-07-23,17:02:29,190,DEL-TWR-019,voice
9012398765,9567809876,2026-06-07,23:30:48,665,HYD-TWR-011,voice
9012345678,9901234567,2026-07-13,08:23:09,981,CHN-TWR-022,voice
9789019876,+91 91234 09876,2026-06-09,16:31:05,106,CHN-TWR-022,sms
+91 93456 09876,9456789012,2026-06-25,10:13:29,679,DEL-TWR-019,voice
9678901234,+91 95678 90123,2026-07-11,03:57:40,90,KOC-TWR-003,voice
+91 98901 23456,+91 92345 09876,2026-06-03,01:19:31,247,CHN-TWR-022,sms
9012345678,9234509876,2026-07-26,23:03:18,649,DEL-TWR-019,voice
9876543210,9123409876,2026-06-19,13:44:46,1148,AMD-TWR-009,sms
+91 97890 19876,91234-56780,2026-06-29,11:23:28,167,HYD-TWR-007,voice
9678901234,9789012345,2026-06-02,12:21:42,838,HYD-TWR-007,voice
9567890123,+91 99012 34567,2026-06-14,06:47:07,990,HYD-TWR-011,sms
9567809876,+91 93456 09876,2026-07-22,03:21:10,949,KOC-TWR-003,sms
9456789012,9123456780,2026-06-12,23:55:59,602,CHN-TWR-014,voice
9567890123,9456789012,2026-07-02,09:31:01,194,BLR-TWR-005,voice
+91 96789 09876,+91 97890 19876,2026-06-28,16:58:55,123,CHN-TWR-022,sms
9345609876,9012398765,2026-07-15,08:29:54,628,HYD-TWR-011,voice
9678909876,+91 97890 12345,2026-06-19,13:10:29,16,KOC-TWR-003,sms
9678901234,9123456780,2026-06-18,02:13:58,1171,DEL-TWR-019,sms
+91 95678 09876,9678909876,2026-07-26,15:02:40,802,DEL-TWR-019,voice
9678901234,9789019876,2026-06-16,09:56:09,1077,HYD-TWR-011,voice
+91 94567 89012,9234509876,2026-06-25,19:29:33,524,CHN-TWR-014,voice
+91 94567 89012,9567890123,2026-06-04,20:30:55,770,CHN-TWR-022,voice
+91 98765 43210,9123456780,2026-07-08,08:51:55,36,CHN-TWR-014,sms
+91 91234 56780,+91 92345 09876,2026-06-24,13:04:42,686,DEL-TWR-019,voice
9567890123,+91 97890 19876,2026-07-28,16:28:51,123,AMD-TWR-009,sms
9567890123,9678901234,2026-06-15,09:49:18,434,AMD-TWR-009,voice
9456709876,9988776655,2026-06-27,10:20:42,224,HYD-TWR-007,voice
+91 95678 90123,9890123456,2026-06-12,09:00:45,1103,HYD-TWR-007,voice
+91 99012 34567,+91 97890 12345,2026-06-15,21:53:55,1188,CHN-TWR-014,voice
+91 93456 78901,+91 94567 09876,2026-07-03,18:21:55,215,AMD-TWR-009,voice
+91 93456 78901,9678909876,2026-07-08,18:42:01,181,BLR-TWR-005,sms
+91 98901 23456,9789019876,2026-06-19,14:41:34,1083,AMD-TWR-009,sms
+91 90123 98765,+91 90123 45678,2026-07-31,09:28:23,562,CHN-TWR-022,sms
9678909876,+91 91234 09876,2026-07-13,22:53:47,1088,CHN-TWR-022,voice
+91 97890 19876,9678909876,2026-07-29,18:41:12,668,AMD-TWR-009,sms
+91 92345 09876,9123456780,2026-06-25,18:44:01,1189,BLR-TWR-005,voice
9678909876,+91 92345 09876,2026-07-03,20:21:00,870,AMD-TWR-009,voice
9678901234,9456789012,2026-07-01,06:55:25,130,HYD-TWR-007,voice
+91 98765 43210,+91 91234 56780,2026-06-15,16:38:01,604,CHN-TWR-014,sms
9789019876,9123409876,2026-06-08,12:01:20,361,AMD-TWR-009,voice
+91 93456 78901,9567809876,2026-07-30,19:20:10,814,KOC-TWR-003,voice
+91 96789 01234,+91 91234 56780,2026-06-02,14:20:26,320,BLR-TWR-005,sms
+91 93456 09876,9890129876,2026-06-24,09:24:26,702,CHN-TWR-014,voice
9456709876,+91 91234 09876,2026-06-17,04:15:47,1159,KOC-TWR-003,voice
+91 96789 01234,+91 99887 76655,2026-06-14,16:29:23,133,AMD-TWR-009,voice
9901234567,+91 90123 45678,2026-07-13,17:29:26,121,HYD-TWR-011,voice
+91 98901 23456,+91 90123 98765,2026-06-09,15:09:29,775,BLR-TWR-005,voice
+91 98901 23456,91234-56780,2026-07-07,07:34:47,86,HYD-TWR-007,voice
+91 99887 76655,9123456780,2026-06-25,12:35:30,124,CHN-TWR-014,sms
+91 95678 90123,9567809876,2026-06-28,03:18:43,1006,KOC-TWR-003,voice
91234-56780,+91 96789 09876,2026-07-07,17:09:10,681,AMD-TWR-009,voice
9456789012,9345609876,2026-07-30,20:44:35,459,DEL-TWR-019,voice
9123456780,+91 99012 34567,2026-07-22,11:27:56,829,AMD-TWR-009,voice
9345609876,+91 91234 09876,2026-07-14,21:55:34,282,DEL-TWR-019,voice
9988776655,+91 98901 29876,2026-07-18,23:23:51,276,CHN-TWR-014,voice
+91 94567 89012,9123456780,2026-06-29,21:27:31,915,BLR-TWR-005,voice
9012345678,+91 98901 29876,2026-07-15,09:57:01,104,DEL-TWR-019,voice
+91 91234 56780,9345609876,2026-07-16,02:32:41,363,CHN-TWR-014,sms
+91 95678 90123,9901234567,2026-07-26,22:20:46,717,BLR-TWR-005,sms
9012345678,+91 96789 01234,2026-07-10,17:20:58,463,CHN-TWR-022,voice
9678909876,9567890123,2026-07-13,20:23:28,1069,AMD-TWR-009,voice
9789012345,+91 98901 29876,2026-07-10,09:44:58,1015,HYD-TWR-011,voice
+91 97890 12345,091-98765-43210,2026-07-18,15:53:57,596,HYD-TWR-011,voice
+91 92345 09876,091-98765-43210,2026-07-30,10:50:59,853,HYD-TWR-011,voice
+91 96789 09876,+91 95678 90123,2026-07-04,14:33:45,750,CHN-TWR-022,voice
9789012345,+91 92345 09876,2026-07-01,00:47:34,116,DEL-TWR-019,sms
+91 95678 09876,+91 96789 01234,2026-06-07,13:21:45,977,CHN-TWR-022,sms
9123456780,+91 97890 12345,2026-07-26,02:12:51,1154,HYD-TWR-011,voice
+91 90123 45678,9678909876,2026-06-29,07:26:21,938,BLR-TWR-005,voice
9456789012,099887-76655,2026-07-14,07:31:58,303,HYD-TWR-011,voice
+91 94567 09876,+91 99887 76655,2026-07-13,15:35:10,552,BLR-TWR-005,sms
+91 98901 23456,9456789012,2026-07-30,22:14:22,1072,KOC-TWR-003,voice
9876543210,+91 94567 09876,2026-07-17,01:37:30,359,BLR-TWR-005,sms
9456709876,+91 93456 09876,2026-07-24,20:17:49,1077,AMD-TWR-009,sms
9345609876,+91 96789 01234,2026-07-14,11:34:57,744,CHN-TWR-014,voice
+91 90123 45678,+91 92345 09876,2026-06-22,19:49:39,822,DEL-TWR-019,voice
099887-76655,+91 91234 09876,2026-06-28,00:29:58,169,DEL-TWR-019,voice
+91 92345 09876,9123409876,2026-06-26,17:53:00,632,KOC-TWR-003,sms
+91 99012 34567,9012345678,2026-07-18,13:11:08,788,HYD-TWR-011,voice
+91 99887 76655,9901234567,2026-06-19,08:46:54,317,DEL-TWR-019,voice
+91 90123 98765,9567809876,2026-06-16,14:07:17,930,HYD-TWR-011,sms
+91 90123 98765,+91 93456 78901,2026-06-10,08:12:11,323,CHN-TWR-022,sms
+91 91234 09876,+91 90123 45678,2026-07-10,02:26:42,1167,DEL-TWR-019,voice
9678901234,+91 90123 45678,2026-07-12,04:31:59,607,KOC-TWR-003,voice
+91 98901 29876,9123409876,2026-07-25,21:54:34,788,DEL-TWR-019,voice
099887-76655,9678901234,2026-07-02,17:48:15,985,AMD-TWR-009,voice
9345609876,9678909876,2026-06-22,17:48:34,782,AMD-TWR-009,voice
+91 97890 12345,9789019876,2026-06-08,17:14:41,315,KOC-TWR-003,sms
+91 96789 09876,+91 91234 56780,2026-07-31,21:03:48,23,BLR-TWR-005,sms
9123456780,+91 90123 98765,2026-07-12,02:39:38,1048,BLR-TWR-005,voice
9012345678,+91 94567 09876,2026-07-28,02:20:38,313,CHN-TWR-022,sms
+91 90123 98765,9678901234,2026-07-30,03:53:45,696,HYD-TWR-007,sms
9012345678,9123456780,2026-07-26,19:26:15,337,DEL-TWR-019,voice
9789019876,9678901234,2026-06-25,23:08:50,170,DEL-TWR-019,voice
+91 97890 12345,+91 99887 76655,2026-06-12,17:04:10,15,BLR-TWR-005,voice
+91 93456 78901,9890123456,2026-07-16,02:22:59,915,KOC-TWR-003,voice
9890123456,9567809876,2026-06-21,12:44:18,1145,HYD-TWR-007,sms
9345609876,9890123456,2026-07-07,19:03:39,213,HYD-TWR-011,sms
9345678901,+91 98765 43210,2026-07-08,10:01:11,553,CHN-TWR-014,sms
9456789012,+91 95678 09876,2026-07-06,07:58:54,258,AMD-TWR-009,sms
+91 98901 29876,+91 93456 09876,2026-06-05,07:49:41,760,DEL-TWR-019,voice
+91 95678 09876,9012398765,2026-06-20,05:13:21,1005,HYD-TWR-011,sms
9890129876,+91 94567 09876,2026-06-15,09:45:18,939,CHN-TWR-022,sms
9456709876,9123456780,2026-06-12,04:49:41,870,DEL-TWR-019,voice
+91 98765 43210,9678909876,2026-07-12,15:30:41,418,KOC-TWR-003,voice
9876543210,+91 99012 34567,2026-06-12,19:54:40,840,BLR-TWR-005,voice
+91 98901 29876,+91 98901 23456,2026-06-06,08:09:24,325,BLR-TWR-005,voice
9123456780,+91 97890 19876,2026-06-06,09:20:47,860,HYD-TWR-007,sms
9456709876,9012398765,2026-06-08,18:43:34,787,BLR-TWR-005,voice
+91 90123 45678,+91 93456 09876,2026-07-19,07:55:43,823,DEL-TWR-019,voice
+91 99887 76655,9123456780,2026-07-09,23:52:36,601,AMD-TWR-009,voice
9234509876,+91 95678 09876,2026-07-16,04:33:13,1158,DEL-TWR-019,voice
9123409876,9678901234,2026-06-25,14:34:41,745,KOC-TWR-003,voice
+91 98901 23456,9456709876,2026-07-14,18:28:29,587,BLR-TWR-005,voice
9345609876,9890123456,2026-07-03,17:31:28,174,CHN-TWR-014,voice
+91 96789 09876,+91 91234 56780,2026-07-11,21:58:18,475,CHN-TWR-022,voice
091-98765-43210,91234-56780,2026-07-28,17:05:37,462,CHN-TWR-014,voice
+91 96789 01234,9890123456,2026-07-29,01:35:26,863,HYD-TWR-007,voice
9890123456,+91 95678 90123,2026-07-14,20:54:16,1045,AMD-TWR-009,voice
+91 95678 90123,+91 98901 23456,2026-07-08,23:34:03,652,CHN-TWR-014,voice
9234509876,9012345678,2026-07-31,08:02:44,768,HYD-TWR-011,voice
+91 94567 09876,+91 91234 09876,2026-07-12,22:00:57,228,BLR-TWR-005,sms
+91 92345 09876,9012398765,2026-07-10,09:48:47,929,HYD-TWR-011,sms
9789019876,9345678901,2026-07-12,22:42:25,274,CHN-TWR-022,voice
+91 98901 23456,+91 97890 12345,2026-07-11,21:27:35,1025,CHN-TWR-014,voice
+91 98901 23456,9988776655,2026-06-29,16:09:53,905,CHN-TWR-022,sms
+91 96789 09876,+91 93456 78901,2026-06-20,12:45:46,990,BLR-TWR-005,voice
+91 90123 45678,9789019876,2026-07-15,08:49:23,353,CHN-TWR-022,sms
+91 98901 23456,9012345678,2026-07-07,21:58:24,822,HYD-TWR-011,voice
+91 90123 45678,091-98765-43210,2026-06-11,09:35:00,1141,BLR-TWR-005,voice
+91 96789 01234,9890129876,2026-06-02,18:35:14,461,CHN-TWR-014,voice
9567890123,+91 95678 09876,2026-06-03,01:08:45,692,AMD-TWR-009,voice
+91 92345 09876,+91 95678 09876,2026-07-01,14:49:23,1061,CHN-TWR-022,voice
91234-56780,9890129876,2026-07-15,04:40:55,1015,CHN-TWR-022,voice
+91 94567 09876,9012345678,2026-07-07,11:36:18,614,CHN-TWR-014,voice
9012398765,9789012345,2026-07-27,19:44:56,575,CHN-TWR-014,sms
9345678901,9678909876,2026-07-24,05:16:58,996,KOC-TWR-003,voice
9567809876,+91 91234 09876,2026-06-08,08:11:37,553,CHN-TWR-014,voice
+91 94567 09876,9876543210,2026-07-27,09:15:03,503,CHN-TWR-022,voice
+91 97890 19876,9678909876,2026-06-09,01:19:23,91,DEL-TWR-019,sms
9789012345,9789019876,2026-07-09,16:18:29,1045,BLR-TWR-005,voice
+91 96789 01234,9789012345,2026-07-12,02:59:28,769,CHN-TWR-022,sms
9789019876,9890123456,2026-06-29,10:11:03,527,AMD-TWR-009,voice
9234509876,9789019876,2026-07-25,07:53:59,187,KOC-TWR-003,voice
91234-56780,9988776655,2026-07-24,08:02:00,693,HYD-TWR-007,voice
+91 99012 34567,+91 92345 09876,2026-07-18,04:01:16,1143,BLR-TWR-005,voice
9567890123,+91 96789 01234,2026-07-25,13:02:20,978,BLR-TWR-005,voice
+91 98901 29876,9234509876,2026-06-23,14:02:46,732,BLR-TWR-005,voice
9890129876,9234509876,2026-06-28,19:32:07,798,HYD-TWR-011,voice
9876543210,9456789012,2026-07-29,10:22:00,381,HYD-TWR-007,voice
9345609876,+91 98901 23456,2026-06-23,16:04:19,955,AMD-TWR-009,voice
+91 99887 76655,+91 91234 56780,2026-06-13,00:39:09,498,HYD-TWR-007,voice
91234-56780,+91 92345 09876,2026-06-16,06:04:06,78,AMD-TWR-009,voice
9901234567,+91 96789 01234,2026-06-05,16:40:07,1096,HYD-TWR-011,voice
9678909876,+91 92345 09876,2026-06-16,14:22:09,574,HYD-TWR-011,voice
+91 97890 19876,9988776655,2026-07-12,02:28:29,1069,DEL-TWR-019,sms
+91 95678 90123,9678909876,2026-06-16,15:51:26,399,CHN-TWR-022,voice
+91 98901 29876,+91 90123 45678,2026-06-26,11:50:21,1152,DEL-TWR-019,sms
+91 95678 09876,+91 93456 09876,2026-06-27,20:09:04,971,KOC-TWR-003,voice
9789012345,+91 93456 09876,2026-07-28,14:57:18,1129,HYD-TWR-007,voice
+91 95678 90123,+91 99012 34567,2026-06-13,06:47:30,576,KOC-TWR-003,voice
9678909876,+91 90123 45678,2026-07-06,09:53:40,750,HYD-TWR-011,voice
+91 90123 45678,9234509876,2026-07-17,11:48:25,759,CHN-TWR-014,voice
+91 98901 23456,9234509876,2026-06-16,18:26:11,185,DEL-TWR-019,voice
9234509876,9789019876,2026-06-29,14:43:13,1056,AMD-TWR-009,sms
9345678901,+91 99887 76655,2026-07-28,22:28:05,664,DEL-TWR-019,voice
