txn_id,sender_acc,receiver_acc,amount,timestamp,type,bank
TXN548580,114814814815,100987654321,5500,2026-07-15 04:56:41,RTGS,HDFC
TXN168804,116790123457,105925925926,15000,2026-07-16 16:25:08,NEFT,HDFC
TXN317005,103950617284,100987654321,5500,2026-07-11 09:05:30,NEFT,ICICI
TXN921021,116790123457,119753086420,150000,2026-06-17 05:23:08,RTGS,Canara
TXN101533,100987654321,110864197531,150000,2026-06-25 23:46:19,NEFT,HDFC
TXN100716,116790123457,115802469136,15000,2026-07-29 19:12:51,IMPS,ICICI
TXN405844,104938271605,107901234568,15000,2026-07-25 10:59:51,UPI,Canara
TXN963684,104938271605,106913580247,32000,2026-06-24 21:40:41,NEFT,PNB
TXN493696,110864197531,105925925926,5500,2026-07-17 02:35:57,NEFT,ICICI
TXN433451,107901234568,118765432099,150000,2026-07-15 11:58:37,NEFT,Canara
TXN447177,101975308642,103950617284,5500,2026-06-13 13:44:35,RTGS,Canara
TXN533121,107901234568,116790123457,150000,2026-07-28 11:29:47,NEFT,PNB
TXN438548,115802469136,108888888889,15000,2026-06-22 17:36:08,UPI,ICICI
TXN504684,100987654321,101975308642,32000,2026-07-17 13:10:56,UPI,Axis
TXN612855,112839506173,115802469136,150000,2026-06-17 02:41:34,UPI,HDFC
TXN414777,111851851852,116790123457,5500,2026-07-24 21:56:35,IMPS,ICICI
TXN923914,118765432099,103950617284,15000,2026-07-26 17:56:22,UPI,ICICI
TXN335421,117777777778,113827160494,15000,2026-06-16 13:58:46,RTGS,ICICI
TXN404955,101975308642,109876543210,32000,2026-07-17 16:38:33,RTGS,Axis
TXN505629,110864197531,104938271605,76000,2026-06-27 11:34:43,IMPS,Axis
TXN690984,111851851852,118765432099,5500,2026-07-07 06:53:51,UPI,PNB
TXN459836,118765432099,106913580247,150000,2026-07-16 07:43:34,UPI,Canara
TXN382154,107901234568,106913580247,150000,2026-06-27 16:01:55,NEFT,Axis
TXN938016,114814814815,102962962963,2000,2026-06-19 00:20:16,NEFT,SBI
TXN991401,114814814815,111851851852,2000,2026-07-21 17:25:13,UPI,HDFC
TXN918665,1019 7530 8642,1029 6296 2963,95000,2026-07-06 16:07:36,NEFT,SBI
TXN620287,118765432099,103950617284,5500,2026-06-22 23:04:15,RTGS,ICICI
TXN862491,107901234568,119753086420,5500,2026-06-14 23:01:37,IMPS,SBI
TXN761685,115802469136,110864197531,5500,2026-06-21 20:03:00,UPI,ICICI
TXN325465,119753086420,101975308642,15000,2026-06-10 02:45:15,RTGS,Axis
TXN929504,113827160494,110864197531,5500,2026-06-16 08:41:05,IMPS,PNB
TXN704272,106913580247,105925925926,5500,2026-07-02 02:08:39,UPI,Canara
TXN841535,110864197531,105925925926,76000,2026-07-15 19:50:22,IMPS,Canara
TXN540208,116790123457,107901234568,32000,2026-06-04 04:45:17,NEFT,SBI
TXN228479,102962962963,110864197531,2000,2026-07-31 14:03:10,UPI,Canara
TXN916808,119753086420,109876543210,150000,2026-06-02 21:56:19,IMPS,PNB
TXN333049,110864197531,102962962963,15000,2026-06-15 23:55:19,UPI,ICICI
TXN257880,117777777778,107901234568,2000,2026-07-30 13:01:14,RTGS,Canara
TXN176054,116790123457,111851851852,15000,2026-07-16 21:25:37,NEFT,ICICI
TXN586462,119753086420,107901234568,15000,2026-07-08 15:49:49,IMPS,Canara
TXN510623,100987654321,118765432099,76000,2026-06-03 05:38:20,IMPS,Canara
TXN490559,100987654321,107901234568,32000,2026-07-09 14:11:55,UPI,PNB
TXN132359,101975308642,1029 6296 2963,480000,2026-06-03 08:14:34,NEFT,ICICI
TXN845279,118765432099,111851851852,76000,2026-07-11 13:10:39,IMPS,HDFC
TXN571404,103950617284,105925925926,32000,2026-06-21 13:07:34,RTGS,HDFC
TXN700556,109876543210,119753086420,15000,2026-07-31 16:57:43,NEFT,HDFC
TXN806866,103950617284,118765432099,150000,2026-06-08 07:47:32,NEFT,SBI
TXN140666,119753086420,112839506173,32000,2026-07-27 10:44:15,NEFT,Canara
TXN516656,112839506173,117777777778,76000,2026-06-21 08:33:29,NEFT,Canara
TXN490917,102962962963,118765432099,2000,2026-07-03 21:57:03,IMPS,HDFC
TXN911032,104938271605,112839506173,5500,2026-07-12 21:09:04,NEFT,PNB
TXN434367,105925925926,100987654321,76000,2026-06-15 00:57:51,RTGS,SBI
TXN487345,111851851852,112839506173,5500,2026-06-29 01:16:28,UPI,ICICI
TXN691655,107901234568,108888888889,2000,2026-06-10 22:42:06,NEFT,Canara
TXN152062,100987654321,112839506173,5500,2026-07-25 18:49:13,IMPS,Canara
TXN465509,114814814815,108888888889,2000,2026-06-29 03:49:51,IMPS,HDFC
TXN104000,101975308642,111851851852,32000,2026-06-06 09:52:42,UPI,HDFC
TXN670968,111851851852,115802469136,32000,2026-06-23 18:32:20,UPI,ICICI
TXN486244,106913580247,108888888889,32000,2026-07-03 12:40:59,NEFT,Canara
TXN193670,107901234568,112839506173,150000,2026-07-22 03:06:20,RTGS,ICICI
TXN459315,104938271605,106913580247,32000,2026-07-07 14:09:20,IMPS,SBI
TXN162448,105925925926,110864197531,2000,2026-06-10 18:45:58,IMPS,SBI
TXN150578,103950617284,100987654321,150000,2026-06-08 13:28:24,NEFT,PNB
TXN745972,117777777778,119753086420,5500,2026-06-18 02:19:05,IMPS,HDFC
TXN585854,114814814815,109876543210,15000,2026-07-25 03:05:10,RTGS,Canara
TXN460971,117777777778,111851851852,5500,2026-07-24 08:47:53,NEFT,ICICI
TXN647945,119753086420,118765432099,32000,2026-06-08 13:09:09,NEFT,SBI
TXN323788,103950617284,100987654321,32000,2026-06-05 04:37:14,UPI,SBI
TXN204411,101975308642,119753086420,150000,2026-07-21 14:01:07,IMPS,Axis
TXN712879,116790123457,112839506173,2000,2026-06-01 16:42:53,RTGS,PNB
TXN373832,110864197531,108888888889,150000,2026-07-16 20:19:12,IMPS,PNB
TXN496764,118765432099,105925925926,15000,2026-07-17 22:18:08,IMPS,Canara
TXN534096,111851851852,117777777778,76000,2026-06-15 17:03:53,UPI,PNB
TXN574751,110864197531,119753086420,15000,2026-06-15 02:12:08,NEFT,HDFC
TXN477617,114814814815,116790123457,2000,2026-07-02 18:10:23,IMPS,ICICI
TXN578933,102962962963,117777777778,2000,2026-06-24 06:18:36,RTGS,Canara
TXN319869,100987654321,108888888889,5500,2026-07-15 02:22:16,NEFT,Canara
TXN297064,113827160494,102962962963,32000,2026-06-14 13:47:31,RTGS,SBI
TXN956800,100987654321,110864197531,2000,2026-07-26 13:44:08,UPI,SBI
TXN699809,112839506173,115802469136,76000,2026-07-01 01:11:17,UPI,HDFC
TXN207391,106913580247,113827160494,150000,2026-07-24 20:48:15,RTGS,SBI
TXN199326,117777777778,107901234568,32000,2026-06-07 04:07:00,NEFT,HDFC
TXN494763,108888888889,113827160494,15000,2026-06-30 08:13:29,RTGS,Canara
TXN977633,106913580247,119753086420,2000,2026-06-16 01:29:03,RTGS,Canara
TXN810078,116790123457,101975308642,15000,2026-06-17 05:01:25,UPI,PNB
TXN297810,119753086420,116790123457,150000,2026-06-26 09:41:03,IMPS,Axis
TXN961574,105925925926,102962962963,150000,2026-07-13 20:46:56,RTGS,Axis
TXN715895,102962962963,100987654321,2000,2026-06-01 08:13:02,NEFT,Axis
TXN898462,110864197531,107901234568,150000,2026-06-26 15:09:36,RTGS,Canara
TXN697766,106913580247,101975308642,15000,2026-07-05 08:38:34,IMPS,ICICI
TXN532005,109876543210,115802469136,76000,2026-07-01 01:05:17,UPI,HDFC
TXN820442,113827160494,117777777778,32000,2026-07-07 07:30:19,NEFT,Axis
TXN786385,108888888889,102962962963,15000,2026-06-17 02:23:42,IMPS,SBI
TXN730343,104938271605,105925925926,2000,2026-06-15 08:38:51,RTGS,Canara
TXN698967,101975308642,116790123457,76000,2026-07-22 18:43:39,IMPS,SBI
TXN614259,109876543210,105925925926,2000,2026-06-06 01:14:38,IMPS,SBI
TXN234159,103950617284,115802469136,150000,2026-06-17 23:51:35,IMPS,Canara
TXN390794,113827160494,101975308642,150000,2026-06-09 22:55:08,IMPS,HDFC
TXN672547,112839506173,111851851852,32000,2026-06-07 15:50:55,IMPS,HDFC
TXN608149,101975308642,102962962963,45000,2026-07-23 12:35:32,NEFT,Canara
TXN402865,101975308642,102962962963,250000,2026-06-21 14:39:03,NEFT,ICICI
TXN714015,111851851852,108888888889,15000,2026-06-30 03:30:03,NEFT,Axis
TXN148215,100987654321,107901234568,32000,2026-06-24 12:58:09,IMPS,SBI
TXN952227,118765432099,108888888889,2000,2026-06-02 02:12:57,UPI,HDFC
TXN838726,119753086420,115802469136,2000,2026-06-28 20:10:38,UPI,HDFC
TXN225636,106913580247,116790123457,150000,2026-06-25 16:19:26,NEFT,HDFC
TXN409963,100987654321,115802469136,15000,2026-07-29 13:25:24,NEFT,PNB
TXN901164,117777777778,101975308642,5500,2026-07-07 12:22:59,IMPS,HDFC
TXN963274,108888888889,117777777778,15000,2026-07-05 01:48:46,UPI,PNB
TXN861253,112839506173,109876543210,150000,2026-07-19 07:27:41,NEFT,Canara
TXN113280,105925925926,103950617284,150000,2026-06-09 22:00:10,UPI,ICICI
TXN613989,104938271605,110864197531,15000,2026-07-19 06:10:58,UPI,SBI
TXN349087,109876543210,119753086420,2000,2026-06-04 12:36:35,UPI,HDFC
TXN520400,116790123457,101975308642,2000,2026-07-27 14:55:18,RTGS,ICICI
TXN412974,119753086420,109876543210,150000,2026-06-07 15:04:21,RTGS,Canara
TXN773870,113827160494,106913580247,76000,2026-06-16 20:51:34,NEFT,Axis
TXN490532,115802469136,108888888889,2000,2026-06-22 09:19:17,UPI,Canara
TXN759104,116790123457,109876543210,150000,2026-07-03 13:27:44,UPI,SBI
TXN275284,114814814815,105925925926,5500,2026-07-22 06:08:02,UPI,SBI
TXN493417,111851851852,101975308642,150000,2026-06-17 17:39:03,NEFT,Canara
TXN235193,111851851852,109876543210,2000,2026-06-25 16:37:19,IMPS,SBI
TXN549865,113827160494,112839506173,32000,2026-06-25 00:02:34,IMPS,Canara
TXN130914,112839506173,115802469136,32000,2026-07-14 13:11:22,IMPS,HDFC
TXN573947,113827160494,112839506173,2000,2026-07-11 02:25:32,RTGS,Canara
TXN962520,113827160494,106913580247,150000,2026-06-10 19:16:20,NEFT,SBI
TXN611751,111851851852,114814814815,15000,2026-07-08 00:55:49,NEFT,Canara
TXN160718,113827160494,107901234568,5500,2026-06-06 13:07:29,NEFT,ICICI
TXN352792,112839506173,103950617284,32000,2026-07-11 19:04:33,NEFT,ICICI
TXN190898,114814814815,106913580247,2000,2026-06-09 03:37:46,UPI,ICICI
TXN437864,111851851852,100987654321,76000,2026-06-13 00:43:00,IMPS,HDFC
TXN509711,117777777778,110864197531,76000,2026-07-11 20:43:41,NEFT,ICICI
TXN474795,115802469136,116790123457,76000,2026-06-15 05:06:15,IMPS,ICICI
TXN468247,105925925926,114814814815,150000,2026-06-14 20:47:09,UPI,PNB
TXN240913,103950617284,107901234568,15000,2026-07-18 14:49:52,RTGS,ICICI
TXN243079,109876543210,110864197531,5500,2026-07-17 13:50:40,UPI,Canara
TXN529008,1019 7530 8642,1029 6296 2963,250000,2026-07-16 14:31:10,NEFT,SBI
TXN239999,103950617284,116790123457,150000,2026-07-23 12:04:37,NEFT,Axis
TXN451284,103950617284,100987654321,32000,2026-06-18 16:04:16,NEFT,Axis
TXN944554,107901234568,101975308642,76000,2026-06-26 21:20:43,IMPS,Canara
TXN567676,108888888889,119753086420,5500,2026-06-03 19:39:39,IMPS,Canara
