vehicle_number,owner,date_registered,type,model,color,address
GJ 63 FD 6421,Imran Khan,2027-02-15,2-wheeler,Bajaj Pulsar,Red,"25 Mehdipatnam, Hyderabad"
KA 71 GG 4850,R. Gupta,2027-01-14,4-wheeler,Hyundai i20,Silver,"30 Karol Bagh, Delhi"
GJ 74 HB 9166,A. Menon,2026-07-31,2-wheeler,Royal Enfield Classic 350,Black,"11 Vyttila, Kochi"
TS 96 AB 7609,Karthik Subramaniam,2027-03-13,4-wheeler,Mahindra Scorpio,Grey,"3 Anna Nagar, Chennai"
KL 01 BE 9328,Suresh R,2026-11-22,4-wheeler,Toyota Innova,White,"22 Banjara Hills, Hyderabad"
AP 07 DH 6439,RAVI KUMAR,2027-01-18,2-wheeler,Royal Enfield Classic 350,Black,"15 MG Road, Chennai"
TN 13 DA 6592,DEEPA KRISHNAN,2026-10-28,2-wheeler,TVS Apache,Blue,"5 Fort Kochi, Kochi"
KL 67 FB 1750,Mr. Arun Nair,2026-08-11,4-wheeler,Honda City,Black,"8 Marine Drive, Kochi"
GJ 92 GB 5166,Lakshmi Devi,2026-08-01,4-wheeler,Toyota Innova,White,"6 Jubilee Hills, Hyderabad"
GJ 51 DH 4122,Vijay Anand,2026-12-30,2-wheeler,TVS Apache,Blue,"17 Koramangala, Bangalore"
TN 82 BH 8493,S. Verma,2026-06-03,4-wheeler,Honda City,Black,"14 Dwarka, Delhi"
KL 95 AG 8912,NAVEEN KUMAR,2027-03-24,4-wheeler,Honda City,Black,"40 Velachery, Chennai"
KA 94 CB 7347,BALA MURUGAN,2026-12-14,2-wheeler,TVS Apache,Blue,"33 Adyar, Chennai"
